frequency,frequency_str,sim_duration,duration_ratio,projected_ttft,projected_tpot,projected_total,theoretical_ttft,theoretical_tpot,theoretical_total,performance_improvement
600,600MHz,9741047.633185,2.6666666666260594,1466.6666666443327,137.33333333124207,1603.9999999755748,1466.6666666666665,137.33333333333331,1603.9999999999998,-62.499999999428965
1000,1000MHz,5844628.58,1.6,880.0,82.4,962.4,880.0,82.4,962.4,-37.5
1600,1600MHz,3652892.8625,1.0,550.0,51.5,601.5,550.0,51.5,601.5,0.0
2000,2000MHz,2922314.29,0.8,440.0,41.2,481.2,440.0,41.2,481.2,25.0
