frequency_mhz,frequency_str,sim_duration,predicted_time,freq_scaled_time,predicted_tgs,freq_scale
600,600MHz,9741047.633185,22.51445333299049,60.03854222130798,1.8987802798373214,0.375
1000,1000MHz,5844628.58,13.508672000000002,21.613875200000003,5.274389666134465,0.625
1600,1600MHz,3652892.8625,8.44292,8.44292,13.50243754530423,1.0
2000,2000MHz,2922314.29,6.754336000000001,5.403468800000001,21.09755866453786,1.25
